[
  {
    "value": "None",
    "synonyms": [
      "None",
      "no"
    ]
  },
  {
    "value": "Prospect",
    "synonyms": [
      "Prospect"
    ]
  },
  {
    "value": "Customer - Direct",
    "synonyms": [
      "Customer - Direct"
    ]
  },
  {
    "value": "Customer - channel",
    "synonyms": [
      "Customer - channel"
    ]
  },
  {
    "value": "Channel Partner / Reseller",
    "synonyms": [
      "Channel Partner / Reseller"
    ]
  },
  {
    "value": "Installation partner",
    "synonyms": [
      "Installation partner"
    ]
  },
  {
    "value": "Technology Partner",
    "synonyms": [
      "Technology Partner"
    ]
  },
  {
    "value": "Other",
    "synonyms": [
      "Other"
    ]
  }
]