[
  {
    "id": "921eb945-6807-4826-96b3-15eeb5be0f68",
    "data": [
      {
        "text": "खाता विवरण",
        "userDefined": false
      }
    ],
    "isTemplate": false,
    "count": 0,
    "updated": 0
  },
  {
    "id": "10306fb4-4b48-42b4-9507-4d9d13f9fef3",
    "data": [
      {
        "text": "मुझे अपना खाता विवरण दिखाएं",
        "userDefined": false
      }
    ],
    "isTemplate": false,
    "count": 0,
    "updated": 0
  }
]