[
  {
    "id": "8a80ba38-6dfc-469f-aae6-d6237a314457",
    "data": [
      {
        "text": "Give case details",
        "userDefined": false
      }
    ],
    "isTemplate": false,
    "count": 0,
    "updated": 0
  },
  {
    "id": "e5728294-1ebb-47e8-b7cd-df9cd804fad1",
    "data": [
      {
        "text": "Case Detail",
        "userDefined": false
      }
    ],
    "isTemplate": false,
    "count": 0,
    "updated": 0
  },
  {
    "id": "095bdbc8-beb8-4040-8daa-d6e6a130e136",
    "data": [
      {
        "text": "Case Details",
        "userDefined": false
      }
    ],
    "isTemplate": false,
    "count": 0,
    "updated": 0
  }
]