[
  {
    "id": "8386bc92-71e5-4f7e-a3d1-4d22fd2665f4",
    "data": [
      {
        "text": "Give contact details",
        "userDefined": false
      }
    ],
    "isTemplate": false,
    "count": 0,
    "updated": 0
  },
  {
    "id": "60ff3b80-776a-499d-8456-0a64416665ba",
    "data": [
      {
        "text": "Contact Details",
        "userDefined": false
      }
    ],
    "isTemplate": false,
    "count": 0,
    "updated": 0
  },
  {
    "id": "79f8ad57-aecc-448c-abec-78bb8bf2c3fd",
    "data": [
      {
        "text": "Contact Detail",
        "userDefined": false
      }
    ],
    "isTemplate": false,
    "count": 0,
    "updated": 0
  }
]