[
  {
    "id": "b67f27d1-4440-4a27-8752-92ee93651a28",
    "data": [
      {
        "text": "create a case with Subject\u003d",
        "userDefined": false
      },
      {
        "text": "Subject",
        "alias": "Subject",
        "meta": "@sys.any",
        "userDefined": true
      },
      {
        "text": " Status\u003d",
        "userDefined": false
      },
      {
        "text": "Status",
        "alias": "Status",
        "meta": "@Status",
        "userDefined": true
      },
      {
        "text": " priority\u003d",
        "userDefined": false
      },
      {
        "text": "Priority",
        "alias": "Priority",
        "meta": "@Priority",
        "userDefined": true
      },
      {
        "text": " and Origin\u003d",
        "userDefined": false
      },
      {
        "text": "Origan",
        "alias": "Origin",
        "meta": "@Origin",
        "userDefined": true
      }
    ],
    "isTemplate": false,
    "count": 0,
    "updated": 0
  },
  {
    "id": "d36e7af6-889a-4117-963b-cdb77acb8336",
    "data": [
      {
        "text": "enter a new case",
        "userDefined": false
      }
    ],
    "isTemplate": false,
    "count": 0,
    "updated": 0
  },
  {
    "id": "d2366002-e272-4343-aa10-19f291a515a9",
    "data": [
      {
        "text": "enter case",
        "userDefined": false
      }
    ],
    "isTemplate": false,
    "count": 0,
    "updated": 0
  },
  {
    "id": "932d5b63-09d1-49b6-a75f-d1521411157e",
    "data": [
      {
        "text": "create case",
        "userDefined": false
      }
    ],
    "isTemplate": false,
    "count": 0,
    "updated": 0
  },
  {
    "id": "411c5eff-b33b-43fc-81d4-072b51c61926",
    "data": [
      {
        "text": "case",
        "userDefined": false
      }
    ],
    "isTemplate": false,
    "count": 0,
    "updated": 0
  },
  {
    "id": "b25fe472-3964-464c-b898-8c47d8f3cdd3",
    "data": [
      {
        "text": "new case",
        "userDefined": false
      }
    ],
    "isTemplate": false,
    "count": 0,
    "updated": 0
  },
  {
    "id": "457550c0-df01-452f-adc5-9fc753700d3f",
    "data": [
      {
        "text": "add a case",
        "userDefined": false
      }
    ],
    "isTemplate": false,
    "count": 0,
    "updated": 0
  }
]