[
  {
    "id": "b98dce3b-4358-42de-a3f7-a1e1c398cf65",
    "data": [
      {
        "text": "Create Contact Name\u003d",
        "userDefined": false
      },
      {
        "text": "Name",
        "alias": "LastName",
        "meta": "@sys.any",
        "userDefined": true
      },
      {
        "text": "  phone\u003d$",
        "userDefined": false
      },
      {
        "text": "Phone",
        "alias": "Phone",
        "meta": "@sys.any",
        "userDefined": true
      },
      {
        "text": " and Email\u003d",
        "userDefined": false
      },
      {
        "text": "Email",
        "alias": "Email",
        "meta": "@sys.any",
        "userDefined": true
      }
    ],
    "isTemplate": false,
    "count": 0,
    "updated": 0
  },
  {
    "id": "52e2a86c-f2c5-4958-a2b3-2c95c8b7270f",
    "data": [
      {
        "text": "Contact",
        "userDefined": false
      }
    ],
    "isTemplate": false,
    "count": 0,
    "updated": 0
  },
  {
    "id": "4c7c5d02-ad0f-4339-a4da-bf8f9ca872e9",
    "data": [
      {
        "text": "Enter Contact",
        "userDefined": false
      }
    ],
    "isTemplate": false,
    "count": 0,
    "updated": 0
  },
  {
    "id": "6e059d35-296c-489a-af4e-f8f9b3043c36",
    "data": [
      {
        "text": "New Contact",
        "userDefined": false
      }
    ],
    "isTemplate": false,
    "count": 0,
    "updated": 0
  },
  {
    "id": "7e29751a-24bb-4541-821e-063127161832",
    "data": [
      {
        "text": "Add Contact",
        "userDefined": false
      }
    ],
    "isTemplate": false,
    "count": 0,
    "updated": 0
  },
  {
    "id": "7b12fc92-2f52-4b58-91d8-49f093b9c4ac",
    "data": [
      {
        "text": "Create Contact",
        "userDefined": false
      }
    ],
    "isTemplate": false,
    "count": 0,
    "updated": 0
  }
]