[
  {
    "id": "9fc82fa7-49b9-44e6-99bb-04c3eb04e823",
    "data": [
      {
        "text": "enter a ",
        "userDefined": false
      },
      {
        "text": "new",
        "meta": "@sys.ignore",
        "userDefined": false
      },
      {
        "text": " task",
        "userDefined": false
      }
    ],
    "isTemplate": false,
    "count": 0,
    "updated": 0
  },
  {
    "id": "81586e14-48b8-42d8-ae66-3e65712f8d20",
    "data": [
      {
        "text": "task",
        "userDefined": false
      }
    ],
    "isTemplate": false,
    "count": 0,
    "updated": 0
  },
  {
    "id": "218c9ed0-c4e7-4a07-8fff-54ee161af8fb",
    "data": [
      {
        "text": "enter task",
        "userDefined": false
      }
    ],
    "isTemplate": false,
    "count": 0,
    "updated": 0
  },
  {
    "id": "75641862-4bef-4a77-bfb2-881991539355",
    "data": [
      {
        "text": "create task",
        "userDefined": false
      }
    ],
    "isTemplate": false,
    "count": 0,
    "updated": 0
  },
  {
    "id": "000b577a-004a-4554-8f12-36dbbde83805",
    "data": [
      {
        "text": "add task",
        "userDefined": false
      }
    ],
    "isTemplate": false,
    "count": 0,
    "updated": 0
  },
  {
    "id": "1f8c622a-c6e9-4d4d-a746-b292e2252f15",
    "data": [
      {
        "text": "new",
        "meta": "@sys.ignore",
        "userDefined": false
      },
      {
        "text": " task",
        "userDefined": false
      }
    ],
    "isTemplate": false,
    "count": 0,
    "updated": 0
  }
]