[
  {
    "id": "5a7d4508-5b72-4bd0-a36d-ca45fedd43f2",
    "data": [
      {
        "text": "create account Name\u003d",
        "userDefined": false
      },
      {
        "text": "$Name",
        "alias": "Name",
        "meta": "@sys.any",
        "userDefined": true
      },
      {
        "text": "  and phone\u003d",
        "userDefined": false
      },
      {
        "text": "$Phone",
        "alias": "Phone",
        "meta": "@sys.any",
        "userDefined": true
      }
    ],
    "isTemplate": false,
    "count": 0,
    "updated": 0
  },
  {
    "id": "0a911494-10de-4999-b6f9-a0e848e6d50d",
    "data": [
      {
        "text": "New Account",
        "userDefined": false
      }
    ],
    "isTemplate": false,
    "count": 0,
    "updated": 0
  },
  {
    "id": "4e97d816-a70e-413f-b69e-5e311049c5d5",
    "data": [
      {
        "text": "Add Account",
        "userDefined": false
      }
    ],
    "isTemplate": false,
    "count": 0,
    "updated": 0
  },
  {
    "id": "3783af43-fa4d-41d3-b683-b34502596ddf",
    "data": [
      {
        "text": "Account",
        "userDefined": false
      }
    ],
    "isTemplate": false,
    "count": 0,
    "updated": 0
  },
  {
    "id": "333d0bfe-05db-4837-8834-3b85b8dac782",
    "data": [
      {
        "text": "Create Account",
        "userDefined": false
      }
    ],
    "isTemplate": false,
    "count": 0,
    "updated": 0
  }
]