[
  {
    "id": "0a069190-1df8-474d-865d-c745dfbffa57",
    "data": [
      {
        "text": "show me a task Details",
        "userDefined": false
      }
    ],
    "isTemplate": false,
    "count": 0,
    "updated": 0
  },
  {
    "id": "802db714-9a66-44fb-950c-7ce9fdb7b85f",
    "data": [
      {
        "text": "Task Detail",
        "userDefined": false
      }
    ],
    "isTemplate": false,
    "count": 0,
    "updated": 0
  },
  {
    "id": "3647f213-26c1-4352-a479-f23075987e59",
    "data": [
      {
        "text": "Task Details",
        "userDefined": false
      }
    ],
    "isTemplate": false,
    "count": 0,
    "updated": 0
  }
]